﻿Designator,Footprint,Quantity,Value,LCSC Part #
BN1,button,1,~,
"C1, C10, C145, C16, C17, C18, C19, C2, C24, C3, C37, C4, C5, C6, C7, C8, C9",0402,17,100nF,
"C140, C35",0402,2,220nF,
"C141, C146, C147, C148, C149, C36",0603,6,100nF,
"C142, C143, C144, C38, C39, C40",1206,6,10µF,
C21,1206,1,4.7µF,
C22,0402,1,10nF,
"C23, C26, C27, C28",0805,4,22µF,
C25,0402,1,330pF,
"C33, C34",0603,2,10µF,
D1,D_SMA,1,D_Schottky,
"D10, D11",LED_WS2812B-2020_PLCC4_2.0x2.0mm,2,WS2812B-2020,
"D20, D21, D8, D9",0402,4,LED,
D4,D_SOD-323,1,1N4148WS,
"D6, D7",D_SMA,2,SS34,
"DR1, DR2",QFN14-3x4.5_sharedPads,2,~,
J1,USB-C,1,USB_C_Receptacle_USB2.0_16P,
J2,CONN-TH_S6B-XH-A-LF-SN,1,JST_EL,C157919
J3,CONN-TH_S2B-XH-A-LF-SN,1,END_AZ,C157931
"J4, J5",PinHeader_1x01_P2.00mm_Vertical,2,Conn_01x01,
J6,CONN-TH_S6B-XH-A-LF-SN,1,JST_AZ,C157919
J7,CONN-TH_S2B-XH-A-LF-SN,1,END_EL,C157931
J8,JST_SH_BM06B-SRSS-TB_1x06-1MP_P1.00mm_Vertical,1,Conn_01x06_MountingPin,
L1,L_Cenker_CKCS3015,1,3.3µH,
Q4,SOT-23,1,BSS138,
"R1, R2",0402,2,27R,
"R10, R12, R141, R142, R20, R22, R29, R8, R9",0402,9,10k,
"R11, R5, R6, R7",R0402jlc,4,100,C25076
"R140, R30",0402,2,700,
"R21, R23",0402,2,510,
"R24, R3, R4",0402,3,5.1k,
R25,0402,1,51k,
"TP1, TP2",TestPoint_Pad_D1.5mm,2,TestPoint_Probe,
U1,QFN-56-1EP_7x7mm_P0.4mm_EP3.2x3.2mm,1,RP2040,
U11,SOT-223-3_TabPin2,1,AMS1117-3.3,
U2,Winbond_USON-8-1EP_3x2mm_P0.5mm_EP0.2x1.6mm,1,W25Q16JVUXIQ,
U3,SOT-23-6,1,WE-TVS-824015043,
U4,CONN-TH_XT30PW-M,1,XT30PW-M,C431092
U5,Bosch_LGA-14_3x2.5mm_P0.5mm,1,BMI270,
U7,HSOP-8-1EP_3.9x4.9mm_P1.27mm_EP2.41x3.1mm_ThermalVias,1,LMR14020,
X1,Oscillator_SMD_Abracon_ASE-4Pin_3.2x2.5mm,1,12MHz,
